"weight;""word"";""color"";""url""",,,,,teamwork
"31;""Experience"";"""";""""",,,,,communication
"31;""experience"";"""";""""",,,,,leadership
"29;""development"";"""";""""",,,,,understanding
"27;""software"";"""";""""",,,,,reliability
"17;""data"";"""";""""",,,,,
"17;""team"";"""";""""",,,,,
"17;""web"";"""";""""",,,,,
"15;""years"";"""";""""",,,,,
"14;""design"";"""";""""",,,,,
"14;""systems"";"""";""""",,,,,
"13;""code"";"""";""""",,,,,
"13;""skills"";"""";""""",,,,,
"12;""knowledge"";"""";""""",,,,,
"11;""new"";"""";""""",,,,,
"11;""project"";"""";""""",,,,,
"11;""working"";"""";""""",,,,,
"10;""applications"";"""";""""",,,,,
"10;""based"";"""";""""",,,,,
"10;""Strong"";"""";""""",,,,,
"9;""requirements"";"""";""""",,,,,
"9;""services"";"""";""""",,,,,
"9;""teams"";"""";""""",,,,,
"8;""communication"";"""";""""",,,,,
"8;""degree"";"""";""""",,,,,
"8;""JavaScript"";"""";""""",,,,,
"8;""programming"";"""";""""",,,,,
"8;""projects"";"""";""""",,,,,
"8;""required"";"""";""""",,,,,
"8;""technical"";"""";""""",,,,,
"8;""using"";"""";""""",,,,,
"7;""Computer"";"""";""""",,,,,
"7;""developer"";"""";""""",,,,,
"7;""developers"";"""";""""",,,,,
"7;""including"";"""";""""",,,,,
"7;""quality"";"""";""""",,,,,
"7;""Ruby"";"""";""""",,,,,
"7;""time"";"""";""""",,,,,
"7;""understanding"";"""";""""",,,,,
"7;""work"";"""";""""",,,,,
"6;""customers"";"""";""""",,,,,
"6;""databases"";"""";""""",,,,,
"6;""deliver"";"""";""""",,,,,
"6;""full"";"""";""""",,,,,
"6;""issues"";"""";""""",,,,,
"6;""languages"";"""";""""",,,,,
"6;""needs"";"""";""""",,,,,
"6;""PHP"";"""";""""",,,,,
"6;""practices"";"""";""""",,,,,
"6;""product"";"""";""""",,,,,
"6;""related"";"""";""""",,,,,
"6;""technologies"";"""";""""",,,,,
"6;""will"";"""";""""",,,,,
"5;""Ability"";"""";""""",,,,,
"5;""application"";"""";""""",,,,,
"5;""Clearwater"";"""";""""",,,,,
"5;""creating"";"""";""""",,,,,
"5;""developing"";"""";""""",,,,,
"5;""effectively"";"""";""""",,,,,
"5;""Excellent"";"""";""""",,,,,
"5;""implementation"";"""";""""",,,,,
"5;""Information"";"""";""""",,,,,
"5;""integration"";"""";""""",,,,,
"5;""Java"";"""";""""",,,,,
"5;""language"";"""";""""",,,,,
"5;""learn"";"""";""""",,,,,
"5;""one"";"""";""""",,,,,
"5;""person"";"""";""""",,,,,
"5;""processes"";"""";""""",,,,,
"5;""Python"";"""";""""",,,,,
"5;""security"";"""";""""",,,,,
"5;""SQL"";"""";""""",,,,,
"5;""support"";"""";""""",,,,,
"5;""tests"";"""";""""",,,,,
"5;""user"";"""";""""",,,,,
"5;""written"";"""";""""",,,,,
"4;""activities"";"""";""""",,,,,
"4;""APIs"";"""";""""",,,,,
"4;""cloud"";"""";""""",,,,,
"4;""components"";"""";""""",,,,,
"4;""Create"";"""";""""",,,,,
"4;""customer"";"""";""""",,,,,
"4;""database"";"""";""""",,,,,
"4;""Design"";"""";""""",,,,,
"4;""develop"";"""";""""",,,,,
"4;""engineers"";"""";""""",,,,,
"4;""equivalent"";"""";""""",,,,,
"4;""etc"";"""";""""",,,,,
"4;""features"";"""";""""",,,,,
"4;""high"";"""";""""",,,,,
"4;""insurance"";"""";""""",,,,,
"4;""internal"";"""";""""",,,,,
"4;""investment"";"""";""""",,,,,
"4;""leadership"";"""";""""",,,,,
"4;""members"";"""";""""",,,,,
"4;""Participate"";"""";""""",,,,,
"4;""performance"";"""";""""",,,,,
"4;""position"";"""";""""",,,,,
"4;""process"";"""";""""",,,,,
"4;""production"";"""";""""",,,,,
"4;""Proficient"";"""";""""",,,,,
"4;""Science"";"""";""""",,,,,
"4;""Scrum"";"""";""""",,,,,
"4;""Software"";"""";""""",,,,,
"4;""stack"";"""";""""",,,,,
"4;""system"";"""";""""",,,,,
"4;""Systems"";"""";""""",,,,,
"4;""within"";"""";""""",,,,,
"4;""Work"";"""";""""",,,,,
"3;""ability"";"""";""""",,,,,
"3;""able"";"""";""""",,,,,
"3;""Able"";"""";""""",,,,,
"3;""across"";"""";""""",,,,,
"3;""additional"";"""";""""",,,,,
"3;""analysis"";"""";""""",,,,,
"3;""automated"";"""";""""",,,,,
"3;""available"";"""";""""",,,,,
"3;""AWS"";"""";""""",,,,,
"3;""Bachelor's"";"""";""""",,,,,
"3;""best"";"""";""""",,,,,
"3;""bugs"";"""";""""",,,,,
"3;""business"";"""";""""",,,,,
"3;""candidate"";"""";""""",,,,,
"3;""capabilities"";"""";""""",,,,,
"3;""complex"";"""";""""",,,,,
"3;""CSS"";"""";""""",,,,,
"3;""cycle"";"""";""""",,,,,
"3;""designing"";"""";""""",,,,,
"3;""desired"";"""";""""",,,,,
"3;""Development"";"""";""""",,,,,
"3;""Engineer"";"""";""""",,,,,
"3;""engineering"";"""";""""",,,,,
"3;""Engineering"";"""";""""",,,,,
"3;""existing"";"""";""""",,,,,
"3;""extensive"";"""";""""",,,,,
"3;""feedback"";"""";""""",,,,,
"3;""field"";"""";""""",,,,,
"3;""following"";"""";""""",,,,,
"3;""front-end"";"""";""""",,,,,
"3;""Git"";"""";""""",,,,,
"3;""highly"";"""";""""",,,,,
"3;""HTML"";"""";""""",,,,,
"3;""interface"";"""";""""",,,,,
"3;""jQuery"";"""";""""",,,,,
"3;""Knowledge"";"""";""""",,,,,
"3;""large"";"""";""""",,,,,
"3;""maintain"";"""";""""",,,,,
"3;""make"";"""";""""",,,,,
"3;""meetings"";"""";""""",,,,,
"3;""Mongo"";"""";""""",,,,,
"3;""multiple"";"""";""""",,,,,
"3;""Must"";"""";""""",,,,,
"3;""partner"";"""";""""",,,,,
"3;""platforms"";"""";""""",,,,,
"3;""Preferred"";"""";""""",,,,,
"3;""program"";"""";""""",,,,,
"3;""Rails"";"""";""""",,,,,
"3;""reports"";"""";""""",,,,,
"3;""Required"";"""";""""",,,,,
"3;""Responsibilities"";"""";""""",,,,,
"3;""reviews"";"""";""""",,,,,
"3;""scalable"";"""";""""",,,,,
"3;""science"";"""";""""",,,,,
"3;""Skills"";"""";""""",,,,,
"3;""solution"";"""";""""",,,,,
"3;""solutions"";"""";""""",,,,,
"3;""Spring"";"""";""""",,,,,
"3;""strategies"";"""";""""",,,,,
"3;""Tec"";"""";""""",,,,,
"3;""Time"";"""";""""",,,,,
"3;""U.S"";"""";""""",,,,,
"3;""unit"";"""";""""",,,,,
"3;""value"";"""";""""",,,,,
"3;""variety"";"""";""""",,,,,
"3;""vision"";"""";""""",,,,,
"3;""write"";"""";""""",,,,,
"2;""401(k"";"""";""""",,,,,
"2;""achieve"";"""";""""",,,,,
"2;""actionable"";"""";""""",,,,,
"2;""aggregation"";"""";""""",,,,,
"2;""Agile"";"""";""""",,,,,
"2;""AJAX"";"""";""""",,,,,
"2;""Analytics"";"""";""""",,,,,
"2;""and/or"";"""";""""",,,,,
"2;""architectural"";"""";""""",,,,,
"2;""architecture"";"""";""""",,,,,
"2;""architectures"";"""";""""",,,,,
"2;""assistance"";"""";""""",,,,,
"2;""Bachelor’s"";"""";""""",,,,,
"2;""back"";"""";""""",,,,,
"2;""back-end"";"""";""""",,,,,
"2;""backend"";"""";""""",,,,,
"2;""Build"";"""";""""",,,,,
"2;""capability"";"""";""""",,,,,
"2;""clients"";"""";""""",,,,,
"2;""cloud-based"";"""";""""",,,,,
"2;""coding"";"""";""""",,,,,
"2;""collaboration"";"""";""""",,,,,
"2;""common"";"""";""""",,,,,
"2;""communicate"";"""";""""",,,,,
"2;""Company"";"""";""""",,,,,
"2;""company"";"""";""""",,,,,
"2;""consumption"";"""";""""",,,,,
"2;""contracts"";"""";""""",,,,,
"2;""control"";"""";""""",,,,,
"2;""COVID-19"";"""";""""",,,,,
"2;""create"";"""";""""",,,,,
"2;""daily"";"""";""""",,,,,
"2;""debugging"";"""";""""",,,,,
"2;""Degree"";"""";""""",,,,,
"2;""delivery"";"""";""""",,,,,
"2;""designs"";"""";""""",,,,,
"2;""Developer"";"""";""""",,,,,
"2;""distributed"";"""";""""",,,,,
"2;""e.g"";"""";""""",,,,,
"2;""Education"";"""";""""",,,,,
"2;""efficient"";"""";""""",,,,,
"2;""enough"";"""";""""",,,,,
"2;""ensure"";"""";""""",,,,,
"2;""environment"";"""";""""",,,,,
"2;""events"";"""";""""",,,,,
"2;""Every"";"""";""""",,,,,
"2;""expert"";"""";""""",,,,,
"2;""expertise"";"""";""""",,,,,
"2;""external"";"""";""""",,,,,
"2;""Federal"";"""";""""",,,,,
"2;""frameworks"";"""";""""",,,,,
"2;""Full"";"""";""""",,,,,
"2;""Full-time"";"""";""""",,,,,
"2;""functional"";"""";""""",,,,,
"2;""fundamental"";"""";""""",,,,,
"2;""GitHub"";"""";""""",,,,,
"2;""grow"";"""";""""",,,,,
"2;""Health"";"""";""""",,,,,
"2;""Hibernate"";"""";""""",,,,,
"2;""HTTP"";"""";""""",,,,,
"2;""identify"";"""";""""",,,,,
"2;""impact"";"""";""""",,,,,
"2;""implementing"";"""";""""",,,,,
"2;""Implements"";"""";""""",,,,,
"2;""improve"";"""";""""",,,,,
"2;""improvements"";"""";""""",,,,,
"2;""input"";"""";""""",,,,,
"2;""interpersonal"";"""";""""",,,,,
"2;""Job"";"""";""""",,,,,
"2;""JSON"";"""";""""",,,,,
"2;""JSP"";"""";""""",,,,,
"2;""Kanban"";"""";""""",,,,,
"2;""large-scale"";"""";""""",,,,,
"2;""leads"";"""";""""",,,,,
"2;""learning"";"""";""""",,,,,
"2;""least"";"""";""""",,,,,
"2;""legacy"";"""";""""",,,,,
"2;""life"";"""";""""",,,,,
"2;""limited"";"""";""""",,,,,
"2;""Location"";"""";""""",,,,,
"2;""looking"";"""";""""",,,,,
"2;""machine"";"""";""""",,,,,
"2;""Maintain"";"""";""""",,,,,
"2;""Managed"";"""";""""",,,,,
"2;""management"";"""";""""",,,,,
"2;""may"";"""";""""",,,,,
"2;""meet"";"""";""""",,,,,
"2;""methodologies"";"""";""""",,,,,
"2;""microservices"";"""";""""",,,,,
"2;""mobile"";"""";""""",,,,,
"2;""must"";"""";""""",,,,,
"2;""MVC"";"""";""""",,,,,
"2;""needed"";"""";""""",,,,,
"2;""Node.js"";"""";""""",,,,,
"2;""non-technical"";"""";""""",,,,,
"2;""NoSQL"";"""";""""",,,,,
"2;""Object-Oriented"";"""";""""",,,,,
"2;""Office"";"""";""""",,,,,
"2;""organizations"";"""";""""",,,,,
"2;""Paid"";"""";""""",,,,,
"2;""partners"";"""";""""",,,,,
"2;""pattern"";"""";""""",,,,,
"2;""patterns"";"""";""""",,,,,
"2;""Pay"";"""";""""",,,,,
"2;""per"";"""";""""",,,,,
"2;""Practiced"";"""";""""",,,,,
"2;""preferred"";"""";""""",,,,,
"2;""printer"";"""";""""",,,,,
"2;""professional"";"""";""""",,,,,
"2;""Programming"";"""";""""",,,,,
"2;""provide"";"""";""""",,,,,
"2;""provides"";"""";""""",,,,,
"2;""Qualifications"";"""";""""",,,,,
"2;""queries"";"""";""""",,,,,
"2;""quickly"";"""";""""",,,,,
"2;""real-time"";"""";""""",,,,,
"2;""Redis"";"""";""""",,,,,
"2;""regard"";"""";""""",,,,,
"2;""relational"";"""";""""",,,,,
"2;""relevant"";"""";""""",,,,,
"2;""Relocation"";"""";""""",,,,,
"2;""reporting"";"""";""""",,,,,
"2;""require"";"""";""""",,,,,
"2;""requires"";"""";""""",,,,,
"2;""role"";"""";""""",,,,,
"2;""scale"";"""";""""",,,,,
"2;""scripting"";"""";""""",,,,,
"2;""seek"";"""";""""",,,,,
"2;""shipping"";"""";""""",,,,,
"2;""Shopify"";"""";""""",,,,,
"2;""spoken"";"""";""""",,,,,
"2;""sponsorship"";"""";""""",,,,,
"2;""Stack"";"""";""""",,,,,
"2;""standards"";"""";""""",,,,,
"2;""stored"";"""";""""",,,,,
"2;""talented"";"""";""""",,,,,
"2;""tasks"";"""";""""",,,,,
"2;""techniques"";"""";""""",,,,,
"2;""technology"";"""";""""",,,,,
"2;""testing"";"""";""""",,,,,
"2;""triaging"";"""";""""",,,,,
"2;""trust"";"""";""""",,,,,
"2;""Type"";"""";""""",,,,,
"2;""understand"";"""";""""",,,,,
"2;""Understanding"";"""";""""",,,,,
"2;""Understands"";"""";""""",,,,,
"2;""Use"";"""";""""",,,,,
"2;""various"";"""";""""",,,,,
"2;""verbal"";"""";""""",,,,,
"2;""website"";"""";""""",,,,,
"2;""Working"";"""";""""",,,,,
"2;""works"";"""";""""",,,,,
"2;""worldwide"";"""";""""",,,,,
"2;""Write"";"""";""""",,,,,
"2;""writing"";"""";""""",,,,,
"2;""year"";"""";""""",,,,,
"1;""3.0"";"""";""""",,,,,
"1;""401k"";"""";""""",,,,,
"1;""abstraction"";"""";""""",,,,,
"1;""account"";"""";""""",,,,,
"1;""accounting"";"""";""""",,,,,
"1;""accurate"";"""";""""",,,,,
"1;""Acts"";"""";""""",,,,,
"1;""adapt"";"""";""""",,,,,
"1;""Additionally"";"""";""""",,,,,
"1;""addressing"";"""";""""",,,,,
"1;""adds"";"""";""""",,,,,
"1;""Adheres"";"""";""""",,,,,
"1;""advanced"";"""";""""",,,,,
"1;""agent"";"""";""""",,,,,
"1;""aggregate"";"""";""""",,,,,
"1;""aggregates"";"""";""""",,,,,
"1;""agile"";"""";""""",,,,,
"1;""Agile/Lean"";"""";""""",,,,,
"1;""allow"";"""";""""",,,,,
"1;""along"";"""";""""",,,,,
"1;""alongside"";"""";""""",,,,,
"1;""also"";"""";""""",,,,,
"1;""Amazon"";"""";""""",,,,,
"1;""Americans"";"""";""""",,,,,
"1;""among"";"""";""""",,,,,
"1;""analytical"";"""";""""",,,,,
"1;""Android"";"""";""""",,,,,
"1;""angry"";"""";""""",,,,,
"1;""Angular"";"""";""""",,,,,
"1;""answers"";"""";""""",,,,,
"1;""anywhere"";"""";""""",,,,,
"1;""Apache"";"""";""""",,,,,
"1;""API"";"""";""""",,,,,
"1;""API's"";"""";""""",,,,,
"1;""applicable"";"""";""""",,,,,
"1;""applicant"";"""";""""",,,,,
"1;""apply"";"""";""""",,,,,
"1;""approaches"";"""";""""",,,,,
"1;""appropriate"";"""";""""",,,,,
"1;""Apps"";"""";""""",,,,,
"1;""architect"";"""";""""",,,,,
"1;""Architect"";"""";""""",,,,,
"1;""areas"";"""";""""",,,,,
"1;""ASP.Net"";"""";""""",,,,,
"1;""asset"";"""";""""",,,,,
"1;""assets"";"""";""""",,,,,
"1;""assign"";"""";""""",,,,,
"1;""assigned"";"""";""""",,,,,
"1;""assignments"";"""";""""",,,,,
"1;""assist"";"""";""""",,,,,
"1;""Assist"";"""";""""",,,,,
"1;""atmosphere"";"""";""""",,,,,
"1;""attack"";"""";""""",,,,,
"1;""attitude"";"""";""""",,,,,
"1;""authorized"";"""";""""",,,,,
"1;""availability"";"""";""""",,,,,
"1;""Available"";"""";""""",,,,,
"1;""Azure"";"""";""""",,,,,
"1;""Bachelors"";"""";""""",,,,,
"1;""bachelor’s"";"""";""""",,,,,
"1;""basic"";"""";""""",,,,,
"1;""become"";"""";""""",,,,,
"1;""beneficial"";"""";""""",,,,,
"1;""Benefit"";"""";""""",,,,,
"1;""Benefits"";"""";""""",,,,,
"1;""big"";"""";""""",,,,,
"1;""biggest"";"""";""""",,,,,
"1;""Boise"";"""";""""",,,,,
"1;""branching"";"""";""""",,,,,
"1;""breaking"";"""";""""",,,,,
"1;""Bring"";"""";""""",,,,,
"1;""bring"";"""";""""",,,,,
"1;""budgets"";"""";""""",,,,,
"1;""bug"";"""";""""",,,,,
"1;""build"";"""";""""",,,,,
"1;""building"";"""";""""",,,,,
"1;""can"";"""";""""",,,,,
"1;""Canada"";"""";""""",,,,,
"1;""candid"";"""";""""",,,,,
"1;""candidates"";"""";""""",,,,,
"1;""candor"";"""";""""",,,,,
"1;""career"";"""";""""",,,,,
"1;""Cassandra"";"""";""""",,,,,
"1;""cause"";"""";""""",,,,,
"1;""Center"";"""";""""",,,,,
"1;""Certifications"";"""";""""",,,,,
"1;""change"";"""";""""",,,,,
"1;""choices"";"""";""""",,,,,
"1;""CI/CD"";"""";""""",,,,,
"1;""citizenship"";"""";""""",,,,,
"1;""classic"";"""";""""",,,,,
"1;""Clear"";"""";""""",,,,,
"1;""clearly"";"""";""""",,,,,
"1;""ClickBank"";"""";""""",,,,,
"1;""client"";"""";""""",,,,,
"1;""client-centric"";"""";""""",,,,,
"1;""close"";"""";""""",,,,,
"1;""cloud-native"";"""";""""",,,,,
"1;""co-workers"";"""";""""",,,,,
"1;""Coach"";"""";""""",,,,,
"1;""coaching"";"""";""""",,,,,
"1;""Collaborate"";"""";""""",,,,,
"1;""collaborate"";"""";""""",,,,,
"1;""Collections"";"""";""""",,,,,
"1;""College"";"""";""""",,,,,
"1;""combinations"";"""";""""",,,,,
"1;""comfort"";"""";""""",,,,,
"1;""commit"";"""";""""",,,,,
"1;""committed"";"""";""""",,,,,
"1;""Commute/Relocate"";"""";""""",,,,,
"1;""companies"";"""";""""",,,,,
"1;""Company's"";"""";""""",,,,,
"1;""companys"";"""";""""",,,,,
"1;""Competitive"";"""";""""",,,,,
"1;""competitors"";"""";""""",,,,,
"1;""completing"";"""";""""",,,,,
"1;""compliance"";"""";""""",,,,,
"1;""composition"";"""";""""",,,,,
"1;""computer"";"""";""""",,,,,
"1;""concepts"";"""";""""",,,,,
"1;""concisely"";"""";""""",,,,,
"1;""Conditions"";"""";""""",,,,,
"1;""conduct"";"""";""""",,,,,
"1;""conducted"";"""";""""",,,,,
"1;""Confidence"";"""";""""",,,,,
"1;""conflict"";"""";""""",,,,,
"1;""construct"";"""";""""",,,,,
"1;""consumer-facing"";"""";""""",,,,,
"1;""consuming"";"""";""""",,,,,
"1;""context"";"""";""""",,,,,
"1;""contingencies"";"""";""""",,,,,
"1;""continuous"";"""";""""",,,,,
"1;""contractor"";"""";""""",,,,,
"1;""contribute"";"""";""""",,,,,
"1;""Contributing"";"""";""""",,,,,
"1;""contributions"";"""";""""",,,,,
"1;""conversation"";"""";""""",,,,,
"1;""conveying"";"""";""""",,,,,
"1;""coordinate"";"""";""""",,,,,
"1;""coordinating"";"""";""""",,,,,
"1;""creation"";"""";""""",,,,,
"1;""creativity"";"""";""""",,,,,
"1;""critical"";"""";""""",,,,,
"1;""cross-organization"";"""";""""",,,,,
"1;""Crystal-lang"";"""";""""",,,,,
"1;""culture"";"""";""""",,,,,
"1;""custom"";"""";""""",,,,,
"1;""customer-facing"";"""";""""",,,,,
"1;""cyber-security"";"""";""""",,,,,
"1;""dashboard"";"""";""""",,,,,
"1;""day"";"""";""""",,,,,
"1;""debug"";"""";""""",,,,,
"1;""decisions"";"""";""""",,,,,
"1;""Decorator"";"""";""""",,,,,
"1;""defects"";"""";""""",,,,,
"1;""Define"";"""";""""",,,,,
"1;""defined"";"""";""""",,,,,
"1;""Defines"";"""";""""",,,,,
"1;""definition"";"""";""""",,,,,
"1;""deliverable"";"""";""""",,,,,
"1;""delivered"";"""";""""",,,,,
"1;""delivers"";"""";""""",,,,,
"1;""demanding"";"""";""""",,,,,
"1;""demonstrable"";"""";""""",,,,,
"1;""demonstrate"";"""";""""",,,,,
"1;""dental"";"""";""""",,,,,
"1;""Dental"";"""";""""",,,,,
"1;""deploy"";"""";""""",,,,,
"1;""described"";"""";""""",,,,,
"1;""designer"";"""";""""",,,,,
"1;""desire"";"""";""""",,,,,
"1;""desktop"";"""";""""",,,,,
"1;""detail"";"""";""""",,,,,
"1;""Details"";"""";""""",,,,,
"1;""Develop"";"""";""""",,,,,
"1;""developmentExpertise"";"""";""""",,,,,
"1;""devices"";"""";""""",,,,,
"1;""devops"";"""";""""",,,,,
"1;""DevOps"";"""";""""",,,,,
"1;""diagnose"";"""";""""",,,,,
"1;""dictating"";"""";""""",,,,,
"1;""different"";"""";""""",,,,,
"1;""digesting"";"""";""""",,,,,
"1;""digital"";"""";""""",,,,,
"1;""dignity"";"""";""""",,,,,
"1;""direction"";"""";""""",,,,,
"1;""discuss"";"""";""""",,,,,
"1;""discussions"";"""";""""",,,,,
"1;""Docker"";"""";""""",,,,,
"1;""Docs"";"""";""""",,,,,
"1;""Document"";"""";""""",,,,,
"1;""documentation"";"""";""""",,,,,
"1;""documents"";"""";""""",,,,,
"1;""domain-specific"";"""";""""",,,,,
"1;""Drive"";"""";""""",,,,,
"1;""Drives"";"""";""""",,,,,
"1;""due"";"""";""""",,,,,
"1;""durability"";"""";""""",,,,,
"1;""Dynamo"";"""";""""",,,,,
"1;""e-commerce"";"""";""""",,,,,
"1;""eager"";"""";""""",,,,,
"1;""EC2"";"""";""""",,,,,
"1;""eCommerce"";"""";""""",,,,,
"1;""efficiently"";"""";""""",,,,,
"1;""elements"";"""";""""",,,,,
"1;""eligible"";"""";""""",,,,,
"1;""email"";"""";""""",,,,,
"1;""emerging"";"""";""""",,,,,
"1;""employment"";"""";""""",,,,,
"1;""Encouraging"";"""";""""",,,,,
"1;""end-to-end"";"""";""""",,,,,
"1;""endpoint"";"""";""""",,,,,
"1;""energetic"";"""";""""",,,,,
"1;""enforcing"";"""";""""",,,,,
"1;""engineer"";"""";""""",,,,,
"1;""English"";"""";""""",,,,,
"1;""enhancements"";"""";""""",,,,,
"1;""enjoys"";"""";""""",,,,,
"1;""ensures"";"""";""""",,,,,
"1;""entire"";"""";""""",,,,,
"1;""entities"";"""";""""",,,,,
"1;""errors"";"""";""""",,,,,
"1;""establishing"";"""";""""",,,,,
"1;""Estimate"";"""";""""",,,,,
"1;""ethical"";"""";""""",,,,,
"1;""evaluates"";"""";""""",,,,,
"1;""ever-growing"";"""";""""",,,,,
"1;""everything–if"";"""";""""",,,,,
"1;""evolving"";"""";""""",,,,,
"1;""example"";"""";""""",,,,,
"1;""Excel"";"""";""""",,,,,
"1;""excellence"";"""";""""",,,,,
"1;""exclusively"";"""";""""",,,,,
"1;""execute"";"""";""""",,,,,
"1;""expand"";"""";""""",,,,,
"1;""expectations"";"""";""""",,,,,
"1;""expected"";"""";""""",,,,,
"1;""Experienced"";"""";""""",,,,,
"1;""experienced"";"""";""""",,,,,
"1;""Expert"";"""";""""",,,,,
"1;""Expertise"";"""";""""",,,,,
"1;""explain"";"""";""""",,,,,
"1;""extent"";"""";""""",,,,,
"1;""face"";"""";""""",,,,,
"1;""facing"";"""";""""",,,,,
"1;""Factory"";"""";""""",,,,,
"1;""failure"";"""";""""",,,,,
"1;""Familiarity"";"""";""""",,,,,
"1;""faster"";"""";""""",,,,,
"1;""feature"";"""";""""",,,,,
"1;""financial"";"""";""""",,,,,
"1;""firms"";"""";""""",,,,,
"1;""fiscal"";"""";""""",,,,,
"1;""fits"";"""";""""",,,,,
"1;""Five"";"""";""""",,,,,
"1;""Fix"";"""";""""",,,,,
"1;""fix"";"""";""""",,,,,
"1;""fixed"";"""";""""",,,,,
"1;""fixes"";"""";""""",,,,,
"1;""fixing"";"""";""""",,,,,
"1;""Flexible"";"""";""""",,,,,
"1;""flows"";"""";""""",,,,,
"1;""focused"";"""";""""",,,,,
"1;""form"";"""";""""",,,,,
"1;""formatted"";"""";""""",,,,,
"1;""Fortune"";"""";""""",,,,,
"1;""forward"";"""";""""",,,,,
"1;""found"";"""";""""",,,,,
"1;""Frameworks"";"""";""""",,,,,
"1;""frequent"";"""";""""",,,,,
"1;""Friday"";"""";""""",,,,,
"1;""front"";"""";""""",,,,,
"1;""full-stack"";"""";""""",,,,,
"1;""functions"";"""";""""",,,,,
"1;""fundamentals"";"""";""""",,,,,
"1;""future"";"""";""""",,,,,
"1;""gather"";"""";""""",,,,,
"1;""Gathers"";"""";""""",,,,,
"1;""Generics"";"""";""""",,,,,
"1;""GIT"";"""";""""",,,,,
"1;""give"";"""";""""",,,,,
"1;""global"";"""";""""",,,,,
"1;""Gmail"";"""";""""",,,,,
"1;""goals"";"""";""""",,,,,
"1;""good"";"""";""""",,,,,
"1;""Google"";"""";""""",,,,,
"1;""government"";"""";""""",,,,,
"1;""gracefully"";"""";""""",,,,,
"1;""grammar"";"""";""""",,,,,
"1;""GraphQL"";"""";""""",,,,,
"1;""Groovy"";"""";""""",,,,,
"1;""groups"";"""";""""",,,,,
"1;""growing"";"""";""""",,,,,
"1;""grows"";"""";""""",,,,,
"1;""happen"";"""";""""",,,,,
"1;""hard-to-diagnose"";"""";""""",,,,,
"1;""healthcare"";"""";""""",,,,,
"1;""help"";"""";""""",,,,,
"1;""Help"";"""";""""",,,,,
"1;""helps"";"""";""""",,,,,
"1;""Heroku"";"""";""""",,,,,
"1;""hidden"";"""";""""",,,,,
"1;""high-quality"";"""";""""",,,,,
"1;""Highly"";"""";""""",,,,,
"1;""hire"";"""";""""",,,,,
"1;""hires"";"""";""""",,,,,
"1;""homework"";"""";""""",,,,,
"1;""housing"";"""";""""",,,,,
"1;""however"";"""";""""",,,,,
"1;""HP’s"";"""";""""",,,,,
"1;""HTML5"";"""";""""",,,,,
"1;""https://www.youtube.com/watch?v=4yODalLQ2lM"";"""";""""",,,,,
"1;""human"";"""";""""",,,,,
"1;""Humble"";"""";""""",,,,,
"1;""ideal"";"""";""""",,,,,
"1;""identifies"";"""";""""",,,,,
"1;""Identify"";"""";""""",,,,,
"1;""imagery"";"""";""""",,,,,
"1;""impacts"";"""";""""",,,,,
"1;""Implement"";"""";""""",,,,,
"1;""implement"";"""";""""",,,,,
"1;""Improve"";"""";""""",,,,,
"1;""improvement"";"""";""""",,,,,
"1;""improves"";"""";""""",,,,,
"1;""improving"";"""";""""",,,,,
"1;""in-depth"";"""";""""",,,,,
"1;""INCLUDE"";"""";""""",,,,,
"1;""include"";"""";""""",,,,,
"1;""inclusion"";"""";""""",,,,,
"1;""income"";"""";""""",,,,,
"1;""Independent"";"""";""""",,,,,
"1;""independently"";"""";""""",,,,,
"1;""India"";"""";""""",,,,,
"1;""individuals"";"""";""""",,,,,
"1;""industry"";"""";""""",,,,,
"1;""Industry"";"""";""""",,,,,
"1;""information"";"""";""""",,,,,
"1;""infrastructure"";"""";""""",,,,,
"1;""innovation"";"""";""""",,,,,
"1;""insights"";"""";""""",,,,,
"1;""Insurance"";"""";""""",,,,,
"1;""integrate"";"""";""""",,,,,
"1;""integrations"";"""";""""",,,,,
"1;""interacting"";"""";""""",,,,,
"1;""interactions"";"""";""""",,,,,
"1;""Interacts"";"""";""""",,,,,
"1;""interest"";"""";""""",,,,,
"1;""interested"";"""";""""",,,,,
"1;""interfaces"";"""";""""",,,,,
"1;""internals"";"""";""""",,,,,
"1;""interprets"";"""";""""",,,,,
"1;""interview"";"""";""""",,,,,
"1;""invents"";"""";""""",,,,,
"1;""investigate"";"""";""""",,,,,
"1;""involves"";"""";""""",,,,,
"1;""iOS"";"""";""""",,,,,
"1;""items"";"""";""""",,,,,
"1;""Jackson"";"""";""""",,,,,
"1;""java"";"""";""""",,,,,
"1;""Java-based"";"""";""""",,,,,
"1;""Java/Tomcat"";"""";""""",,,,,
"1;""Jetty"";"""";""""",,,,,
"1;""JMS"";"""";""""",,,,,
"1;""job"";"""";""""",,,,,
"1;""join"";"""";""""",,,,,
"1;""JPA-based"";"""";""""",,,,,
"1;""jQuery/JavaScript"";"""";""""",,,,,
"1;""junior"";"""";""""",,,,,
"1;""jUnit"";"""";""""",,,,,
"1;""Junit"";"""";""""",,,,,
"1;""keep"";"""";""""",,,,,
"1;""KEY"";"""";""""",,,,,
"1;""keywords"";"""";""""",,,,,
"1;""kind"";"""";""""",,,,,
"1;""know"";"""";""""",,,,,
"1;""knowledgeable"";"""";""""",,,,,
"1;""knows"";"""";""""",,,,,
"1;""largest"";"""";""""",,,,,
"1;""law"";"""";""""",,,,,
"1;""layer"";"""";""""",,,,,
"1;""layers"";"""";""""",,,,,
"1;""layout"";"""";""""",,,,,
"1;""layouts"";"""";""""",,,,,
"1;""leader"";"""";""""",,,,,
"1;""legally"";"""";""""",,,,,
"1;""less-experienced"";"""";""""",,,,,
"1;""level"";"""";""""",,,,,
"1;""levels"";"""";""""",,,,,
"1;""libraries"";"""";""""",,,,,
"1;""Life"";"""";""""",,,,,
"1;""lifecycle"";"""";""""",,,,,
"1;""light-weight"";"""";""""",,,,,
"1;""like"";"""";""""",,,,,
"1;""LIMITED"";"""";""""",,,,,
"1;""Linux"";"""";""""",,,,,
"1;""listen"";"""";""""",,,,,
"1;""lives"";"""";""""",,,,,
"1;""local"";"""";""""",,,,,
"1;""locations"";"""";""""",,,,,
"1;""log"";"""";""""",,,,,
"1;""logic"";"""";""""",,,,,
"1;""look"";"""";""""",,,,,
"1;""Looking"";"""";""""",,,,,
"1;""Love"";"""";""""",,,,,
"1;""Lucene"";"""";""""",,,,,
"1;""Magento"";"""";""""",,,,,
"1;""maintained"";"""";""""",,,,,
"1;""major"";"""";""""",,,,,
"1;""making"";"""";""""",,,,,
"1;""malicious"";"""";""""",,,,,
"1;""Manage"";"""";""""",,,,,
"1;""managers"";"""";""""",,,,,
"1;""manages"";"""";""""",,,,,
"1;""managing"";"""";""""",,,,,
"1;""manipulate"";"""";""""",,,,,
"1;""many"";"""";""""",,,,,
"1;""mass"";"""";""""",,,,,
"1;""Master's"";"""";""""",,,,,
"1;""mastery"";"""";""""",,,,,
"1;""matching"";"""";""""",,,,,
"1;""Mathematics"";"""";""""",,,,,
"1;""Maven"";"""";""""",,,,,
"1;""measure"";"""";""""",,,,,
"1;""Meet"";"""";""""",,,,,
"1;""Memcached"";"""";""""",,,,,
"1;""mentor"";"""";""""",,,,,
"1;""Mentoring"";"""";""""",,,,,
"1;""mentoring"";"""";""""",,,,,
"1;""merging"";"""";""""",,,,,
"1;""micro"";"""";""""",,,,,
"1;""micro-services"";"""";""""",,,,,
"1;""Microsoft"";"""";""""",,,,,
"1;""Microsoft’s"";"""";""""",,,,,
"1;""millions"";"""";""""",,,,,
"1;""Minimum"";"""";""""",,,,,
"1;""minimum"";"""";""""",,,,,
"1;""mitigate"";"""";""""",,,,,
"1;""mix"";"""";""""",,,,,
"1;""mock-ups"";"""";""""",,,,,
"1;""Mockito"";"""";""""",,,,,
"1;""models"";"""";""""",,,,,
"1;""Monday"";"""";""""",,,,,
"1;""mongo"";"""";""""",,,,,
"1;""monitor"";"""";""""",,,,,
"1;""monitors"";"""";""""",,,,,
"1;""Motivated"";"""";""""",,,,,
"1;""motivated"";"""";""""",,,,,
"1;""motivator"";"""";""""",,,,,
"1;""move"";"""";""""",,,,,
"1;""MSPs"";"""";""""",,,,,
"1;""Multi"";"""";""""",,,,,
"1;""Multiple"";"""";""""",,,,,
"1;""multitask"";"""";""""",,,,,
"1;""MySQL"";"""";""""",,,,,
"1;""natural"";"""";""""",,,,,
"1;""Need"";"""";""""",,,,,
"1;""need"";"""";""""",,,,,
"1;""Net"";"""";""""",,,,,
"1;""networking"";"""";""""",,,,,
"1;""Networking"";"""";""""",,,,,
"1;""networks"";"""";""""",,,,,
"1;""Nobody"";"""";""""",,,,,
"1;""node.js"";"""";""""",,,,,
"1;""NodeJS"";"""";""""",,,,,
"1;""normalized"";"""";""""",,,,,
"1;""notifies"";"""";""""",,,,,
"1;""now"";"""";""""",,,,,
"1;""Nutch"";"""";""""",,,,,
"1;""Object"";"""";""""",,,,,
"1;""objective"";"""";""""",,,,,
"1;""Offer"";"""";""""",,,,,
"1;""offering"";"""";""""",,,,,
"1;""old"";"""";""""",,,,,
"1;""onboarding"";"""";""""",,,,,
"1;""ongoing"";"""";""""",,,,,
"1;""OOP"";"""";""""",,,,,
"1;""open"";"""";""""",,,,,
"1;""Openness"";"""";""""",,,,,
"1;""Operations"";"""";""""",,,,,
"1;""opportunities"";"""";""""",,,,,
"1;""opportunity"";"""";""""",,,,,
"1;""Optimal"";"""";""""",,,,,
"1;""Optimize"";"""";""""",,,,,
"1;""optimize"";"""";""""",,,,,
"1;""oral"";"""";""""",,,,,
"1;""organization"";"""";""""",,,,,
"1;""oriented"";"""";""""",,,,,
"1;""Oriented"";"""";""""",,,,,
"1;""ORM"";"""";""""",,,,,
"1;""osition"";"""";""""",,,,,
"1;""outages"";"""";""""",,,,,
"1;""Outlook"";"""";""""",,,,,
"1;""outside"";"""";""""",,,,,
"1;""outsourced"";"""";""""",,,,,
"1;""overall"";"""";""""",,,,,
"1;""Overseeing"";"""";""""",,,,,
"1;""Owning"";"""";""""",,,,,
"1;""pages"";"""";""""",,,,,
"1;""paradigms"";"""";""""",,,,,
"1;""Participating"";"""";""""",,,,,
"1;""particular"";"""";""""",,,,,
"1;""party"";"""";""""",,,,,
"1;""passionate"";"""";""""",,,,,
"1;""Patterns"";"""";""""",,,,,
"1;""PCI"";"""";""""",,,,,
"1;""people"";"""";""""",,,,,
"1;""Perform"";"""";""""",,,,,
"1;""performant"";"""";""""",,,,,
"1;""period"";"""";""""",,,,,
"1;""persistence"";"""";""""",,,,,
"1;""personal"";"""";""""",,,,,
"1;""perspective"";"""";""""",,,,,
"1;""phases"";"""";""""",,,,,
"1;""pipelines"";"""";""""",,,,,
"1;""place"";"""";""""",,,,,
"1;""planning"";"""";""""",,,,,
"1;""platform"";"""";""""",,,,,
"1;""Policy"";"""";""""",,,,,
"1;""portfolio"";"""";""""",,,,,
"1;""Position"";"""";""""",,,,,
"1;""positive"";"""";""""",,,,,
"1;""PostgreSQL"";"""";""""",,,,,
"1;""potential"";"""";""""",,,,,
"1;""Potentially"";"""";""""",,,,,
"1;""PowerPoint"";"""";""""",,,,,
"1;""pre-employment"";"""";""""",,,,,
"1;""Precaution(s"";"""";""""",,,,,
"1;""preferably"";"""";""""",,,,,
"1;""PREFERRED"";"""";""""",,,,,
"1;""Primary"";"""";""""",,,,,
"1;""principles"";"""";""""",,,,,
"1;""printing"";"""";""""",,,,,
"1;""prior"";"""";""""",,,,,
"1;""Prior"";"""";""""",,,,,
"1;""prioritize"";"""";""""",,,,,
"1;""prioritizes"";"""";""""",,,,,
"1;""problem"";"""";""""",,,,,
"1;""problem-solving"";"""";""""",,,,,
"1;""Procedures"";"""";""""",,,,,
"1;""procedures"";"""";""""",,,,,
"1;""processed"";"""";""""",,,,,
"1;""processing"";"""";""""",,,,,
"1;""Producing"";"""";""""",,,,,
"1;""Product"";"""";""""",,,,,
"1;""products"";"""";""""",,,,,
"1;""professionals"";"""";""""",,,,,
"1;""Proficiency"";"""";""""",,,,,
"1;""profitable"";"""";""""",,,,,
"1;""programs"";"""";""""",,,,,
"1;""progress"";"""";""""",,,,,
"1;""proposals"";"""";""""",,,,,
"1;""protecting"";"""";""""",,,,,
"1;""Provide"";"""";""""",,,,,
"1;""provided"";"""";""""",,,,,
"1;""Providers"";"""";""""",,,,,
"1;""Provides"";"""";""""",,,,,
"1;""Providing"";"""";""""",,,,,
"1;""providing"";"""";""""",,,,,
"1;""public"";"""";""""",,,,,
"1;""qualifications"";"""";""""",,,,,
"1;""querying"";"""";""""",,,,,
"1;""Radical"";"""";""""",,,,,
"1;""rate"";"""";""""",,,,,
"1;""RDS"";"""";""""",,,,,
"1;""React"";"""";""""",,,,,
"1;""reacting"";"""";""""",,,,,
"1;""ReactJS"";"""";""""",,,,,
"1;""reconciles"";"""";""""",,,,,
"1;""reconciliation"";"""";""""",,,,,
"1;""refine"";"""";""""",,,,,
"1;""Related"";"""";""""",,,,,
"1;""Relational"";"""";""""",,,,,
"1;""reliability"";"""";""""",,,,,
"1;""reliable"";"""";""""",,,,,
"1;""Reliably"";"""";""""",,,,,
"1;""relocate"";"""";""""",,,,,
"1;""rely"";"""";""""",,,,,
"1;""Remote"";"""";""""",,,,,
"1;""Remotely"";"""";""""",,,,,
"1;""report"";"""";""""",,,,,
"1;""reported"";"""";""""",,,,,
"1;""reputable"";"""";""""",,,,,
"1;""request"";"""";""""",,,,,
"1;""REQUIREMENTS"";"""";""""",,,,,
"1;""Requirements"";"""";""""",,,,,
"1;""Research"";"""";""""",,,,,
"1;""Resilient"";"""";""""",,,,,
"1;""resolution"";"""";""""",,,,,
"1;""resolutions"";"""";""""",,,,,
"1;""respect"";"""";""""",,,,,
"1;""responding"";"""";""""",,,,,
"1;""response"";"""";""""",,,,,
"1;""RESPONSIBILITIES"";"""";""""",,,,,
"1;""Responsible"";"""";""""",,,,,
"1;""responsible"";"""";""""",,,,,
"1;""responsive"";"""";""""",,,,,
"1;""REST"";"""";""""",,,,,
"1;""RESTful"";"""";""""",,,,,
"1;""results"";"""";""""",,,,,
"1;""reusable"";"""";""""",,,,,
"1;""Revature"";"""";""""",,,,,
"1;""Review"";"""";""""",,,,,
"1;""Reviews"";"""";""""",,,,,
"1;""revision"";"""";""""",,,,,
"1;""rich"";"""";""""",,,,,
"1;""risk"";"""";""""",,,,,
"1;""roadmap"";"""";""""",,,,,
"1;""RocketCyber"";"""";""""",,,,,
"1;""root"";"""";""""",,,,,
"1;""RSpec"";"""";""""",,,,,
"1;""rules"";"""";""""",,,,,
"1;""runs"";"""";""""",,,,,
"1;""S.O.L.I.D"";"""";""""",,,,,
"1;""SaaS"";"""";""""",,,,,
"1;""SAFe"";"""";""""",,,,,
"1;""said"";"""";""""",,,,,
"1;""salary"";"""";""""",,,,,
"1;""say"";"""";""""",,,,,
"1;""Schedule"";"""";""""",,,,,
"1;""schedule"";"""";""""",,,,,
"1;""schedules"";"""";""""",,,,,
"1;""schemas"";"""";""""",,,,,
"1;""scoping"";"""";""""",,,,,
"1;""screening"";"""";""""",,,,,
"1;""Seattle"";"""";""""",,,,,
"1;""Security"";"""";""""",,,,,
"1;""seeking"";"""";""""",,,,,
"1;""Selenium"";"""";""""",,,,,
"1;""selenium"";"""";""""",,,,,
"1;""Self-motivated"";"""";""""",,,,,
"1;""self-motivated"";"""";""""",,,,,
"1;""senior"";"""";""""",,,,,
"1;""sensitive"";"""";""""",,,,,
"1;""Server"";"""";""""",,,,,
"1;""server-side"";"""";""""",,,,,
"1;""Service"";"""";""""",,,,,
"1;""service"";"""";""""",,,,,
"1;""Services"";"""";""""",,,,,
"1;""servicing"";"""";""""",,,,,
"1;""set"";"""";""""",,,,,
"1;""share"";"""";""""",,,,,
"1;""Sheets"";"""";""""",,,,,
"1;""shell"";"""";""""",,,,,
"1;""Ship"";"""";""""",,,,,
"1;""show"";"""";""""",,,,,
"1;""Sidekiq"";"""";""""",,,,,
"1;""site"";"""";""""",,,,,
"1;""sites"";"""";""""",,,,,
"1;""SKILLS"";"""";""""",,,,,
"1;""Slides"";"""";""""",,,,,
"1;""small"";"""";""""",,,,,
"1;""SOAP"";"""";""""",,,,,
"1;""SOC"";"""";""""",,,,,
"1;""Soft"";"""";""""",,,,,
"1;""Solid"";"""";""""",,,,,
"1;""solve"";"""";""""",,,,,
"1;""solver"";"""";""""",,,,,
"1;""someone"";"""";""""",,,,,
"1;""source"";"""";""""",,,,,
"1;""specifications"";"""";""""",,,,,
"1;""spelling"";"""";""""",,,,,
"1;""spending"";"""";""""",,,,,
"1;""Splunk"";"""";""""",,,,,
"1;""Sponsorship"";"""";""""",,,,,
"1;""SQL/SQL"";"""";""""",,,,,
"1;""SSL"";"""";""""",,,,,
"1;""STACK"";"""";""""",,,,,
"1;""stages"";"""";""""",,,,,
"1;""standups"";"""";""""",,,,,
"1;""startup"";"""";""""",,,,,
"1;""status"";"""";""""",,,,,
"1;""steward"";"""";""""",,,,,
"1;""stimulating"";"""";""""",,,,,
"1;""Stimulus.js"";"""";""""",,,,,
"1;""Stored"";"""";""""",,,,,
"1;""Street"";"""";""""",,,,,
"1;""strive"";"""";""""",,,,,
"1;""strong"";"""";""""",,,,,
"1;""Studio"";"""";""""",,,,,
"1;""substantial"";"""";""""",,,,,
"1;""substitute"";"""";""""",,,,,
"1;""suggestions"";"""";""""",,,,,
"1;""supporting"";"""";""""",,,,,
"1;""sure"";"""";""""",,,,,
"1;""SVN"";"""";""""",,,,,
"1;""System"";"""";""""",,,,,
"1;""tackle"";"""";""""",,,,,
"1;""taking"";"""";""""",,,,,
"1;""talk"";"""";""""",,,,,
"1;""tangible"";"""";""""",,,,,
"1;""TDD"";"""";""""",,,,,
"1;""team-player"";"""";""""",,,,,
"1;""Technical"";"""";""""",,,,,
"1;""technologists"";"""";""""",,,,,
"1;""Technology"";"""";""""",,,,,
"1;""Temporarily"";"""";""""",,,,,
"1;""tenant"";"""";""""",,,,,
"1;""Test"";"""";""""",,,,,
"1;""test"";"""";""""",,,,,
"1;""TFS"";"""";""""",,,,,
"1;""theme(s"";"""";""""",,,,,
"1;""thereafter"";"""";""""",,,,,
"1;""third"";"""";""""",,,,,
"1;""third-party"";"""";""""",,,,,
"1;""thorough"";"""";""""",,,,,
"1;""thousands"";"""";""""",,,,,
"1;""throughout"";"""";""""",,,,,
"1;""timelines"";"""";""""",,,,,
"1;""timely"";"""";""""",,,,,
"1;""together"";"""";""""",,,,,
"1;""tools"";"""";""""",,,,,
"1;""traders"";"""";""""",,,,,
"1;""tremendous"";"""";""""",,,,,
"1;""trillion"";"""";""""",,,,,
"1;""troubleshoot"";"""";""""",,,,,
"1;""UDFs"";"""";""""",,,,,
"1;""UI's"";"""";""""",,,,,
"1;""undergraduate"";"""";""""",,,,,
"1;""understands"";"""";""""",,,,,
"1;""Unix"";"""";""""",,,,,
"1;""Unix/Linux-based"";"""";""""",,,,,
"1;""update"";"""";""""",,,,,
"1;""updating"";"""";""""",,,,,
"1;""upon"";"""";""""",,,,,
"1;""usage"";"""";""""",,,,,
"1;""use"";"""";""""",,,,,
"1;""used"";"""";""""",,,,,
"1;""User"";"""";""""",,,,,
"1;""Uses"";"""";""""",,,,,
"1;""uses"";"""";""""",,,,,
"1;""utilize"";"""";""""",,,,,
"1;""utilizing"";"""";""""",,,,,
"1;""validated"";"""";""""",,,,,
"1;""valued"";"""";""""",,,,,
"1;""values"";"""";""""",,,,,
"1;""vectors"";"""";""""",,,,,
"1;""version"";"""";""""",,,,,
"1;""video"";"""";""""",,,,,
"1;""Virtual"";"""";""""",,,,,
"1;""Visa"";"""";""""",,,,,
"1;""Vision"";"""";""""",,,,,
"1;""Visual"";"""";""""",,,,,
"1;""volume"";"""";""""",,,,,
"1;""Vue"";"""";""""",,,,,
"1;""Waiting"";"""";""""",,,,,
"1;""Wall"";"""";""""",,,,,
"1;""Warehouse"";"""";""""",,,,,
"1;""Web"";"""";""""",,,,,
"1;""web-based"";"""";""""",,,,,
"1;""websites"";"""";""""",,,,,
"1;""weekly"";"""";""""",,,,,
"1;""well"";"""";""""",,,,,
"1;""whiteboarding"";"""";""""",,,,,
"1;""WILL"";"""";""""",,,,,
"1;""Will"";"""";""""",,,,,
"1;""Willing"";"""";""""",,,,,
"1;""Willingness"";"""";""""",,,,,
"1;""wireframes"";"""";""""",,,,,
"1;""without"";"""";""""",,,,,
"1;""WooCommerce"";"""";""""",,,,,
"1;""Word"";"""";""""",,,,,
"1;""workflow"";"""";""""",,,,,
"1;""workforce"";"""";""""",,,,,
"1;""workload"";"""";""""",,,,,
"1;""world's"";"""";""""",,,,,
"1;""www.intimetec.com"";"""";""""",,,,,
"1;""Xamarin"";"""";""""",,,,,
"1;""XML"";"""";""""",,,,,
"1;""zone"";"""";""""",,,,,
